word,message
market,318
update,145
heavy,7
sell,46
across,20
lead,26
zrx,2
rally,9
micropayment,4
bring,24
cryptocurrencie,173
into,30
everyday,2
life,12
win,8
bitcoin,1704
cash,298
paper,18
wallet,130
design,3
contest,6
the,297
daily,103
kanye,2
teach,4
opsec,2
crypto,884
foe,2
join,18
force,18
court,60
issue,55
emergency,6
order,33
halting,4
plan,84
initial,16
coin,82
offer,73
large,56
south,132
korean,103
exchange,519
launch,268
index,21
funny,2
new,315
advert,2
show,33
google,19
mind,4
facebook,14
purge,4
continue,41
page,3
account,57
remove,7
ahead,16
election,6
pool,11
mine,17
-PRON-,272
first,66
block,43
november,11
fork,78
approach,12
hundred,4
ico,191
be,167
secretly,3
investigate,11
sec,63
claim,54
report,82
nigerian,6
startup,20
kubitx,1
beta,10
fsb,1
asset,30
not,79
threat,8
global,27
financial,47
puzzle,4
prize,2
purportedly,2
won,2
week,83
singapore,19
host,7
fiat,34
welcome,11
bank,229
whale,12
china,73
rich,13
rank,8
senior,3
take,51
swing,4
bitcoiner,27
shoot,1
down,47
roubini,2
senate,8
testimony,3
roundup,31
yobit,1
unveil,28
random,2
pump,14
okcoin,2
usa,3
stablecoin,23
zigzag,1
platform,67
provide,16
swap,16
over,96
lightning,17
network,63
rat,1
occupy,1
wall,33
street,22
london,12
lbx,2
solution,11
shun,2
company,102
major,40
indian,58
unocoin,4
atm,32
billion,58
dollar,24
flourish,3
switzerland,15
valley,9
europe,19
japan,101
drug,16
quantitative,1
ease,3
venture,5
capital,25
fund,107
secure,11
invest,22
deep,8
web,16
year,57
oxymonster,1
darknet,12
monitoring,6
tool,13
quadrigacx,1
battle,6
frozen,8
glen,1
oak,1
escrow,1
support,64
binance,35
delist,10
altcoins,23
circle,15
research,25
portal,6
trading,178
app,66
sue,18
controversial,8
token,75
scheme,17
suspect,6
mastermind,2
behind,5
kassh,1
arrest,26
japanese,88
internet,23
giant,31
gmo,24
yen,4
peg,4
cryptocurrency,517
approve,14
manage,5
investment,50
raise,37
record,26
time,36
cashtippr,1
plugin,1
allow,27
money,64
button,3
integration,3
wordpress,1
site,20
coinbase,87
volume,49
hit,21
low,19
fire,6
most,33
staff,6
core,19
developer,48
advocate,9
credit,17
card,47
payment,70
btc,124
team,14
with,154
hub,8
broker,4
add,82
bch,106
mischief,1
maker,4
promise,5
livestream,1
altcoin,17
attack,27
activity,18
this,90
online,11
automotive,2
part,34
retailer,3
newpart,1
now,87
accept,68
electron,5
reveal,53
fundraiser,3
prototype,2
mobile,13
sms,5
cointext,2
expand,23
asia,8
pantera,4
bittrex,18
can,58
clue,1
early,5
mystery,5
find,49
cryopreserv,1
brain,1
northern,4
rawpool,1
sign,10
mining,217
deal,14
salt,5
back,73
loan,9
more,80
state,58
replace,7
listing,19
fee,27
donation,17
volatility,8
liquidity,5
pwc,4
creator,4
rapper,4
soulja,1
boy,1
release,17
single,4
title,2
senator,5
push,19
strong,7
sanction,11
against,47
venezuelan,13
petro,26
robinhood,17
three,28
bitfinex,29
strongly,1
refute,2
insolvency,1
total,14
hack,45
korea,89
police,30
venezuela,42
demand,30
citizen,15
pay,44
passport,3
skeptic,5
professor,3
speak,2
coinmama,1
sepa,2
negative,6
interest,18
late,17
government,87
deter,1
saving,4
regulation,136
intermediary,1
france,10
deadline,2
reject,15
etf,34
commentary,1
price,116
optimistic,2
enthusiast,6
pessimistic,2
accord,5
fundstrat,4
norway,4
establish,13
rule,37
service,76
provider,14
tax,84
evasion,2
spotlighted,1
swiss,20
start,34
sharing,3
client,16
datum,33
wendy,30
mcelroy,31
anarchism,1
digital,46
explode,4
old,20
concept,4
budget,2
monitor,7
wyoming,3
mull,9
fintech,7
brewdog,1
brand,6
percent,8
american,23
survey,22
emotionally,1
uncertain,2
about,40
blockstream,5
liquid,1
could,23
vulnerable,2
hardware,36
backdoor,2
regulator,81
discuss,28
proposal,5
legislation,5
irresponsible,1
borrowing,1
leaf,8
africa,23
brink,1
debt,5
crisis,2
again,20
european,21
facilitate,3
probe,8
chrome,4
extension,5
hong,27
kong,27
base,34
coinex,2
whatsapp,1
follow,19
african,17
closure,4
distribution,6
process,7
fairest,1
possible,5
system,32
study,28
will,72
longer,3
feature,21
shapeshift,17
virtual,18
satoshi,65
monument,2
go,26
kiev,4
hollywood,3
next,32
empty,2
eth,17
populism,1
flip,3
flopper,1
expose,5
nordic,3
region,5
nordea,3
laundering,23
september,5
see,39
increase,34
trade,57
four,17
case,27
confirm,15
commodity,6
trader,57
patiently,1
wait,3
break,23
out,39
dapp,3
revolution,30
rebuild,1
society,2
through,13
decentralization,5
bitpay,23
phase,1
debit,11
cardholder,1
copy,1
dash,8
ethereum,48
future,92
manipulation,14
make,42
national,22
currency,61
publish,14
whitepaper,3
six,23
good,15
calendar,1
frictionless,1
commerce,2
story,4
how,71
easy,10
number,18
kyc,11
stringent,1
frustrate,1
entrant,1
under,25
tent,1
look,43
openbazaar,7
marketplace,8
software,12
centbee,2
cftc,18
chair,6
explain,8
why,25
have,125
regulated,16
speaker,2
series,6
together,1
wave,5
hike,3
squeeze,2
poor,8
indulge,1
tether,38
drop,38
noble,2
bitmex,10
hire,17
coo,4
burn,4
critic,4
bill,45
clinton,2
do,27
blockchain,122
lamassu,2
line,4
bitflyer,11
restructure,1
zaif,5
suspend,24
member,9
registration,9
soon,9
protect,9
miner,87
hacker,20
merchant,18
adoption,26
hackathon,4
ceo,39
respond,16
journal,1
security,63
hole,2
popular,19
discussion,7
board,8
pass,14
draconian,1
search,13
law,49
threaten,8
custom,7
coinsquare,4
banking,29
partnership,8
québec,4
hope,9
intelligence,4
official,34
charge,23
secret,6
disney,1
visit,6
mule,2
front,2
aid,4
terrorist,4
conflict,3
zone,5
launder,3
ross,12
ulbricht,15
mark,9
fifth,1
anniversary,2
prison,9
set,31
meet,31
open,44
protocol,14
that,43
us,12
key,10
identity,5
list,29
munich,1
stock,31
mid,4
tier,1
grow,41
batm,3
belgium,4
netherland,2
profit,20
off,20
announce,41
name,15
install,3
ios,4
smartphone,5
industry,25
leader,8
want,57
clarity,4
alliance,1
earn,6
finma,4
warning,15
fake,15
trouble,8
inevitable,1
mass,4
north,22
dakota,1
bitconnect,11
magma,1
pension,2
reward,11
guide,9
building,6
own,38
rig,16
science,2
tech,10
publication,1
subscription,1
review,12
stellarx,1
decentralized,25
website,15
reality,7
otc,15
desk,7
relaunch,4
coincap,1
disgruntle,1
investor,75
lawyer,9
propose,14
moratorium,3
county,2
montana,4
circulation,3
lose,35
hold,20
speculator,2
authority,42
pos,3
terminal,2
pundix,1
purchase,15
fbi,9
action,28
dealer,7
from,60
cryptopound,1
metal,6
mongolian,3
candy,2
consolidation,1
accumulation,2
mean,15
end,19
statist,2
well,4
know,14
braiin,1
source,4
firmware,2
ins,1
ledgerx,3
ready,13
partner,14
caspian,2
samourai,4
ditch,6
reference,4
wirex,9
iban,1
spanish,4
french,7
user,62
double,13
limit,11
renew,2
restriction,8
derivative,12
free,19
available,8
alaska,2
oklahoma,1
federal,13
judge,8
big,56
pursue,2
chopstick,1
api,3
give,24
application,11
option,12
during,20
contentious,1
group,27
half,18
surge,15
million,140
two,52
full,12
node,12
write,5
bundle,1
coinswitch,1
without,12
india,58
zebpay,5
shut,14
bad,15
project,33
squander,1
colombia,4
ask,20
president,10
help,24
rbi,24
denie,10
create,41
unit,8
development,13
leap,3
issuer,8
bitnovo,2
bitdb,1
database,4
crawl,1
entire,3
transaction,55
universe,1
move,21
plexcoin,2
lacroix,1
paradis,1
royer,1
gain,30
access,12
around,9
world,50
plausibly,1
deniable,1
brainwallet,2
thai,11
foreign,6
chain,21
superrich,1
blacklist,2
fraudulent,6
business,32
top,28
where,7
analyst,15
use,87
evade,3
despite,34
ban,102
play,10
cryptojack,5
bitmain,22
bid,5
public,25
paul,8
sztorc,1
version,8
drivechain,2
enter,25
race,5
usdc,1
pesamill,1
kenya,7
and,4
centralized,9
revolut,5
seek,35
license,22
quppy,1
door,6
array,1
gun,5
file,29
reorganiz,1
after,111
cody,5
wilson,5
resign,1
ad,21
squire,2
disclos,1
generation,5
asic,16
chip,17
samsung,5
govt,3
analysis,7
amit,1
bhardwaj,1
seize,12
russian,79
telegram,23
membership,3
complicit,1
corrupt,1
plunder,1
home,11
economy,11
millennial,4
already,10
gox,18
bankruptcy,4
trustee,3
sells,7
approximately,1
vague,1
leave,6
confused,3
almost,8
scrabble,1
lexicon,1
dip,17
form,13
consolidated,1
boundary,1
economic,19
change,18
medium,36
third,9
improvement,3
revise,7
estimate,6
hodl,10
send,20
guarantee,2
success,5
ebang,2
terahash,2
for,24
still,18
doubtful,1
here,15
community,29
another,31
foundation,10
pair,9
dominance,7
settle,5
coinnest,2
executive,7
indict,2
bribe,1
trezor,6
directly,2
rethink,1
cap,14
printing,5
longhash,1
tracker,4
dirty,2
argue,5
supreme,20
should,17
interfere,1
decision,15
storage,7
banker,12
association,10
act,4
prevent,7
firm,60
exodus,6
evidence,5
usdt,6
headline,2
rise,27
snapshot,2
winner,2
loser,1
capitol,2
hill,2
face,24
one,39
woman,10
try,15
live,14
unicef,3
chechnya,2
eurasian,1
union,5
country,30
improve,5
glyphs,1
apple,9
shortcut,1
round,53
alt,2
stockholm,2
proceeding,2
further,3
feedback,1
programmable,1
debate,21
oracle,1
drive,12
upgrade,19
idealism,1
need,14
defame,1
putin,11
advisor,4
huobi,21
brazilian,5
brokerage,9
blockade,3
humanity,3
but,27
great,10
turkey,5
finance,16
minister,18
embrace,12
hype,7
taiwanese,7
candidate,11
california,5
steve,4
hanke,1
central,69
fuel,2
wealth,5
loss,13
inflation,1
less,16
moonshot,3
mushroom,1
let,10
get,67
beyond,4
technocratic,1
think,13
bug,17
xrp,8
briefly,1
dethrone,2
second,20
ranking,7
downgrade,2
antminer,2
equip,2
poloniex,8
licensed,3
estonia,3
side,5
comparison,3
urgently,2
accusation,5
favor,3
representative,2
urge,16
irs,11
clarify,5
guidance,2
censorship,12
bitcointalk,1
liberia,1
chief,10
miss,6
bitfury,5
anti,8
botnet,1
discover,4
mas,2
yet,4
bookkeeping,1
obligation,1
treasury,5
committee,7
criticiz,5
unsustainable,1
stance,9
weiss,4
rating,10
backtrack,1
tip,23
beat,5
self,18
kraken,10
feisty,1
danske,3
allege,12
quit,5
nearly,6
steal,23
mention,1
stop,25
cartel,3
land,4
fix,2
brazil,9
investigation,14
monopoly,1
custodian,1
trust,11
upbit,9
month,45
dead,11
critical,5
invoke,2
multiple,5
argument,1
art,7
exhibition,1
celebrate,7
tenth,1
birthday,2
surprising,2
finding,1
york,17
integrity,2
initiative,6
pboc,10
prevention,1
effort,3
iran,14
import,9
cyprus,2
step,15
toward,2
nasdaq,9
cinnober,1
denmark,2
close,14
than,42
away,9
heat,12
confiscate,3
alphabay,2
forfeiture,2
palestinians,1
transfer,3
offshore,6
lxdx,1
target,19
retail,5
zimbabwe,12
golix,3
seven,9
remain,8
financially,1
exclude,1
peru,3
argentina,7
philippine,21
all,45
park,1
sized,2
five,26
penalize,1
theft,8
ethfinex,1
dex,4
cloudflare,1
interplanetary,1
accuse,11
young,7
benefit,4
specialist,4
wizsec,1
insight,5
bithumb,19
coinone,4
terminate,4
withdrawal,17
unverifi,1
aml,4
fraud,19
related,10
violation,5
custodial,5
non,4
which,7
rate,10
seoul,1
food,3
delivery,1
queensland,2
become,23
better,5
canada,13
stat,1
sync,2
hashpower,2
bear,21
sacrifice,1
position,6
hutton,2
acex,1
expert,13
warns,22
bragging,1
hsbc,1
return,18
say,72
ing,2
fin,3
hate,6
defy,2
peter,8
thiel,4
dichotomy,1
determine,1
test,22
seed,6
funding,10
paysend,1
bitstamp,6
cowboy,1
lur,2
implicate,1
citigroup,2
deutsche,3
gemini,3
code,8
alternative,11
present,7
ukraine,22
russia,76
ctor,1
decade,1
lehman,1
brother,2
die,4
mis,1
worship,1
short,16
term,7
recovery,6
bullish,15
reversal,1
sight,2
cold,8
war,20
bitpanda,4
zcash,8
mexico,5
put,9
overstock,7
sale,38
acquire,20
biometric,2
simple,5
enough,5
slow,8
growth,6
flashback,1
paycoin,3
voluntarily,2
wind,3
prompt,5
suspension,1
hearing,7
delay,10
too,4
busy,1
cco,1
outlook,5
bitgo,5
attain,2
regulatory,31
approval,3
united,9
malta,23
josh,3
garza,2
sentence,9
gaw,2
scam,22
revival,1
remme,1
cryptokittie,1
vpn,3
uncensored,1
corporate,6
creditor,5
restitution,1
guideline,6
permissionless,2
dev,1
con,4
scale,9
exponentially,3
what,26
article,7
abra,3
deposit,10
spotware,1
box,4
rebrand,2
hadax,1
featured,1
british,10
soap,2
coronation,1
viewer,2
forex,3
shortage,2
zimbabwean,3
turn,16
even,9
when,15
former,14
governor,8
stir,2
pmo,1
prism,1
jamie,8
dimon,7
canadian,23
achief,1
mutual,2
status,6
victim,10
must,6
tokyo,9
finra,2
disciplinary,1
traffic,5
usd,24
dirtiest,1
confusing,2
aggressively,2
bloom,1
moscow,9
high,46
profile,4
influence,3
anger,2
cfo,2
huge,3
affair,2
amid,22
hedge,21
manager,6
smart,16
permission,3
skip,1
receive,4
wage,1
nobel,3
laureate,2
advise,4
dod,1
facility,7
farm,16
chinese,70
govern,1
namibian,1
conservationist,2
save,2
endanger,1
wild,3
dog,1
imf,10
pressure,6
marshall,3
island,7
rock,2
festival,3
long,15
blogg,1
prescription,1
tokeniz,2
property,8
promoter,3
hard,25
reconvene,1
stress,9
bisq,2
kickstart,1
event,1
okay,2
pdax,1
unlicensed,4
valletta,1
mansion,3
nakamoto,15
imperative,1
build,19
decentralist,1
culture,4
real,22
verification,7
small,6
town,6
layman,1
falls,4
conman,1
mlm,2
then,4
tired,1
bailout,1
hyperinflation,2
something,5
different,6
winter,4
survivor,1
sleep,3
hibernating,1
post,18
localbitcoin,10
approf,16
paxos,1
standard,12
uae,3
watchdog,6
regulate,19
iceland,2
heist,2
micro,3
halifax,1
riot,2
dump,13
buy,55
disclose,5
america,12
kucoin,3
australia,17
coverage,2
gogo,1
reporter,2
xbt,4
product,6
uzbekistan,5
belarus,9
prefer,2
congressional,2
enforcement,6
monday,16
coinsecure,4
may,46
engine,3
tor,4
browser,8
same,6
day,29
expect,22
cycle,3
nominate,1
aim,20
ipo,10
dodger,1
certification,4
program,3
effortlessly,1
cat,2
mouse,1
game,18
traction,1
succeed,3
explore,12
changelly,1
verifie,1
monero,12
malware,5
underground,2
indonesia,8
inconsequential,1
caribbean,3
latin,5
hopeful,2
familiar,1
correction,1
view,3
proof,5
stake,7
rebranded,1
international,15
discipline,2
common,4
eeu,1
ukrainian,9
income,15
reload,1
matrix,2
appear,4
sure,2
initiate,1
nonprofit,2
eatbch,1
every,3
little,8
microtransaction,1
insurer,2
insurance,3
hacking,6
damage,5
washtrading,1
kid,1
pastry,1
window,1
operator,10
greek,3
decide,10
extradition,5
bearish,8
sentiment,12
ensue,2
legaliz,2
luxury,9
car,9
dealership,2
basketballer,1
lawmaker,14
define,3
badly,1
moon,5
temporarily,1
accessibility,2
panda,1
develop,25
cannabis,5
dispensary,1
reactivate,1
ten,8
rumour,1
goldman,11
sach,10
news,15
aftermath,3
merge,3
canvas,1
augment,1
model,3
require,7
information,6
antiquated,1
officially,7
recogniz,4
gold,36
walmart,1
chocolate,1
point,13
roger,4
ver,5
jimmy,3
song,3
cruise,1
perpetual,1
börse,1
holder,6
location,3
trial,9
contract,23
estate,7
beautiful,1
mainstream,11
narrative,3
sensationaliz,1
crackdown,28
contingency,2
artist,3
collection,1
wechat,2
dmm,6
authentication,1
ironfx,1
gibraltar,10
licensing,8
while,23
stack,1
draft,18
reach,18
air,5
reason,7
introduce,26
screen,1
requirement,6
pop,7
highlight,1
many,11
positive,5
satis,1
predict,13
exceed,8
trillion,3
challenger,1
tell,7
legit,1
oil,15
energy,10
washington,8
asian,6
job,11
cut,4
propos,19
special,5
troll,5
slayer,2
angriest,1
man,22
city,18
experiment,1
convenience,3
store,26
struggle,4
only,17
run,16
dry,1
august,6
heighten,1
spread,5
institution,6
highly,4
mycrypto,2
islamic,5
foot,2
instal,2
tracking,7
rakuten,1
fast,3
track,8
viabtc,3
organization,2
bessarabsky,1
grocery,1
etc,2
complete,12
wormhole,4
address,19
rumor,11
concern,14
cboe,13
ether,12
brave,5
boast,1
download,4
empower,2
smarter,2
yahoo,4
roll,8
litecoin,17
province,1
local,12
involve,4
square,10
patent,20
share,23
plug,2
lot,8
idea,6
spend,5
settlement,5
near,4
musk,5
love,10
scambot,2
consolidate,6
trendline,3
dna,2
reserve,19
anticipate,2
shift,3
nchain,8
alpha,3
talent,1
dlt,5
actress,1
cybersecurity,1
awareness,3
tippr,2
bot,14
distribute,7
reddit,8
forum,6
okex,10
among,8
terra,1
keene,2
activist,3
call,34
operation,26
cryptosweep,1
contain,1
everything,6
coinfloor,1
grant,15
university,19
course,11
researcher,16
discrepancy,1
colorado,4
lloyd,2
insure,2
custody,10
kingdom,2
clarifie,10
taxation,9
poland,3
pangolin,1
compete,3
machine,3
decentralizing,2
handshake,1
akash,1
quest,2
resistance,7
morgan,11
creek,2
institutional,14
detail,15
resume,8
method,2
head,9
nicehash,3
synthetic,1
lethal,1
thing,7
lending,3
blockfi,2
operate,7
doj,2
agent,5
empathiz,1
exclusive,6
proponent,6
defiant,2
firearm,2
blueprint,1
cpu,2
equal,1
vote,4
lift,1
hydroelectric,2
dam,1
repurpos,1
incubator,1
info,2
cryptos,23
planning,4
work,11
thailand,23
progress,1
issuing,9
survival,1
blockbattle,1
premiere,1
hyperinflat,1
bolivar,3
denomination,2
fomo,4
failure,2
mortem,1
descend,1
theme,3
hostel,1
scenic,1
paraty,1
cnbc,2
documentary,2
cultism,1
stricter,2
excessive,2
quoine,1
illegal,13
fundraising,2
social,20
freeze,5
owner,10
journalist,2
pioneer,2
redman,1
conference,17
heroic,1
maddening,1
depth,3
conversation,2
engineer,7
ellithorpe,1
some,18
weekend,5
overlook,1
indiegogo,2
issuance,2
escalate,2
chase,5
shadow,2
landmark,2
jurisdiction,4
clash,2
vision,7
nine,3
rehabilitation,1
october,3
cobra,2
norwegian,4
scrutinize,2
taxable,2
rent,1
pricey,1
office,10
realtor,1
trough,1
disillusionment,1
gartner,1
soccer,3
star,14
honda,1
promote,8
equipment,4
gpu,10
manufacturing,4
nvidia,7
liechtenstein,3
franc,1
water,4
cool,3
ledger,14
creation,3
ripple,28
belief,7
proxy,2
simjack,1
zencash,2
horizen,1
hotel,6
mall,5
venue,1
swedish,5
german,8
regional,1
opening,3
increasingly,5
hide,7
picture,2
pixel,1
someone,5
jackpot,1
ponzi,12
unlimited,4
strategy,7
founder,39
jihan,1
important,2
theory,3
abound,1
bakkt,1
leverage,5
congresswoman,1
like,18
australian,28
worrying,1
environmental,1
impact,2
haul,1
thought,2
highs,7
incompatibility,1
abc,7
switch,5
grand,1
other,16
center,14
stage,4
whistleblower,3
defend,6
trump,9
erdoğan,1
answer,2
chaos,2
nul,1
tezos,15
entrance,2
printable,1
powered,15
cryptonize,1
tester,1
laugh,1
misfortune,1
fastest,2
sport,2
legal,29
framework,8
arab,2
hand,7
solo,1
dream,4
hashrate,8
climb,4
significantly,4
overhyp,1
deloitte,1
prolific,2
blew,1
weekly,9
mcafee,11
doom,5
panic,5
btm,2
least,4
fail,15
surpass,6
testing,7
newly,3
transform,2
measure,9
mentorship,1
career,2
jiu,1
jitsu,1
personal,3
freedom,10
husband,1
blackmail,3
terrible,1
andrea,3
antonopoulo,5
working,11
bail,3
announcement,4
cost,7
receif,5
bomb,3
noise,1
complaint,6
family,4
college,4
student,7
campus,3
veb,1
ars,1
php,1
fca,5
closed,2
begin,13
taiwan,6
sticker,2
attract,11
unwanted,1
attention,3
ruling,1
handcash,3
companion,1
michelle,1
mone,1
disarray,1
equi,1
fiasco,1
ugly,2
fall,8
friendly,12
thriller,1
kurt,1
russell,1
production,2
producer,4
school,10
unhackable,2
amateur,1
cause,10
burst,2
authorized,1
legally,3
bitangel,1
coingeek,10
right,8
freelancer,1
coinhive,3
mint,2
quarter,6
crowd,5
task,4
bounty,8
hunter,1
bitwise,2
saudi,2
arabia,1
monetary,2
fine,5
permanently,1
bar,2
exploration,1
playboy,2
integrate,7
stoner,1
academy,2
figure,2
holding,13
player,4
cure,2
disease,1
control,14
taoism,1
anarchy,2
ringleader,1
flee,7
jamaica,1
jeju,1
direct,4
ira,4
bloody,1
suffer,8
spindle,2
relocate,2
consider,30
takeover,3
chart,5
graphical,1
constellation,1
priority,3
constituent,1
assembly,2
turkish,4
soar,10
lira,1
silk,6
road,7
question,12
unanswered,1
gather,3
clemency,1
signature,1
quote,2
accuser,1
liar,1
cafe,1
coworking,1
space,7
hash,1
house,7
xian,1
speaks,3
consensus,4
gen,1
dồng,1
dymon,1
unforgettable,1
memory,1
palace,1
coinnice,1
repatriation,1
demo,2
vietnamese,4
loom,2
trend,11
popularity,6
minimize,1
unregulated,1
bitfract,3
coinall,2
innovation,9
peer,11
electronic,5
pro,4
presidential,6
boa,1
pra,1
caramba,1
uncertainty,7
hunt,6
internationally,1
mainnet,4
impos,4
brief,76
bat,1
tweet,4
result,4
inspection,2
submarine,1
opposition,1
towards,6
apocalyptic,1
prediction,9
privacy,33
very,8
wide,2
cryptowhisper,2
exmo,1
mistertango,1
ecobank,1
significant,5
presence,1
policy,9
rapidly,1
drawing,3
brake,1
dominant,2
dea,1
acceptance,6
dish,1
flow,5
fair,1
value,21
lender,3
ohio,1
resistant,2
amidst,4
clampdown,3
tribeo,1
canaan,4
press,9
twitter,22
giveaway,3
basic,3
phone,10
router,1
onboarding,1
accounting,4
libra,3
slide,5
abcc,1
omniex,1
bettergram,1
opera,4
desktop,3
postpone,5
vaneck,3
solidx,1
previous,1
resolve,2
interesting,2
innosilicon,2
powerful,2
champ,1
aware,1
poll,6
check,6
revamp,2
generator,2
thousand,9
iowa,1
georgia,4
texas,6
bob,2
goodlatte,1
congress,4
people,19
outlast,1
dad,2
author,4
coinjar,2
aussie,3
memo,3
thrive,2
admit,4
commissioner,6
enable,11
trueusd,4
tusd,1
black,7
hat,3
white,9
rabbit,1
surveillance,4
education,2
fraudster,3
green,4
light,2
unclaimed,1
upsw,1
emerge,7
stylometry,2
uncover,2
literary,1
quirk,1
portion,1
ignite,1
lure,2
political,6
nostalgia,1
voting,3
socializ,1
bet,12
bitpico,3
manipulate,2
treasure,2
ship,1
dupe,2
interpol,2
cryptographer,2
mcdonald,2
maccoin,2
claw,2
valuation,5
detokenize,1
agree,3
repayment,2
summer,1
rebirth,1
party,5
eye,12
odd,2
pizza,2
nyse,3
retirement,5
changpeng,1
zhao,3
always,2
there,12
creative,2
request,3
complicate,1
fate,4
enforce,1
mood,1
labor,2
ministry,7
salary,3
monster,1
liquidation,2
flash,4
crash,9
fear,12
seiz,1
jail,5
friend,3
jay,2
clayton,1
yenom,2
library,2
implement,4
language,3
swift,1
worth,16
tommy,1
robinson,1
boerse,1
stuttgart,1
offering,18
nsfw,1
porn,5
sbi,9
revenue,12
accelerate,3
jointly,2
gbp,1
hitbtc,3
eurs,2
eos,9
coinmarketcap,7
professional,3
mizuho,1
customer,33
sponsoring,1
premier,2
club,2
denver,1
healthcare,1
cease,9
desist,6
usage,3
processing,3
july,5
strongest,1
monthly,6
performance,4
far,5
pilot,2
never,6
materialize,1
swissquote,2
billionaire,4
galaxy,2
toronto,4
nfl,2
swell,1
upcoming,5
fuzex,1
choos,1
manufacturer,9
sim,2
jack,2
krugman,3
wrong,5
fan,3
independence,1
later,2
strict,4
likely,3
date,3
who,16
thomson,5
reuter,5
eikon,2
display,1
cryptocompare,1
holland,1
electricity,11
republican,1
oversight,3
bitprim,1
keoken,1
several,6
sceptic,1
subside,1
kim,4
kardashian,1
physical,4
spike,16
htc,2
ltc,5
lee,3
dcex,1
blocktrade,1
admission,1
literally,1
lottery,2
steam,5
allegedly,15
kazakhstan,8
rejection,1
spark,8
protest,4
archaeologist,1
micronesian,1
stone,1
compris,2
predecessor,1
football,5
extend,4
really,10
meeting,2
vitalik,4
movie,7
theater,2
sky,1
israel,8
arrington,1
cryptomkt,1
lab,5
centric,7
inform,3
muskbot,1
herd,2
shipwreck,1
link,6
rare,2
clear,4
wrongdoing,1
crack,10
coincheck,21
libertarian,4
hotspot,1
bolster,6
compromise,1
dread,1
brit,2
few,4
advice,3
lifetime,1
remittance,3
transfergo,1
kickico,1
brookstone,1
morocco,2
gallup,1
psychology,4
airbnb,2
uber,3
everybody,2
cme,18
vat,2
exemption,2
antigua,3
barbuda,3
pls,1
lil,2
windex,2
video,4
appoint,4
commission,13
mimicking,1
coinvault,1
millionairemaker,1
class,19
gambling,5
lawsuit,20
until,4
march,5
disagree,2
publicly,4
iranian,8
prepare,15
amd,4
decline,8
hut,2
dispute,3
erupt,1
ownership,2
keep,11
pace,2
safe,3
spending,4
graphene,2
propagation,2
technology,11
anchor,1
maduro,6
correlation,4
skrill,1
lower,2
margin,5
pre,10
zec,3
audit,3
stay,5
novogratz,5
inquiry,1
improper,1
place,8
prior,1
deliberation,1
arca,1
gift,8
average,4
plead,2
guilty,2
scammer,8
gackt,1
catch,9
between,12
gaffe,1
dominate,6
fortune,5
impressive,1
superstar,2
spy,3
murder,1
indictment,1
dismiss,3
vigilante,2
outing,1
shiller,2
focus,6
stem,1
learn,2
ride,1
bull,12
vault,5
submit,4
flex,1
muscle,2
tie,11
message,6
any,11
lock,4
nature,1
challenge,11
fatf,2
tcap,1
tutanota,1
cloud,6
ddo,1
exec,2
serious,4
drama,7
shakeup,1
bureau,1
agreement,2
strange,2
unwriter,1
belong,1
costa,2
rican,1
worker,3
prime,7
blackrock,2
politic,5
proceed,4
sofia,2
before,5
everywhere,1
last,20
stand,1
stepping,2
kill,5
overwhelming,2
amount,2
opinion,1
stability,4
council,4
vietnam,11
baltic,2
hear,8
petition,11
today,9
minsk,1
qiwi,1
award,3
employee,12
aiding,2
wash,2
schiff,4
joe,1
rogan,1
plummet,1
voorhee,2
barclay,3
legacy,5
match,5
unregistered,1
fed,8
intrinsic,1
politician,8
grayscale,6
matter,6
slice,1
come,29
schemer,1
repay,5
eastern,1
abandon,5
enlighten,1
incentiviz,1
unicorn,1
mastercard,4
fractional,1
robin,1
hood,1
scavenger,1
comic,2
jersey,2
adopt,12
ibm,1
stronghold,1
coinsmart,1
payer,1
kodak,2
collapse,1
flood,5
reflection,1
sichuan,2
screensaver,1
charity,6
rsk,4
infrastructure,8
omni,1
layer,2
debut,7
attempt,5
fight,18
destination,1
majority,7
identify,4
curriculum,1
bitlicense,10
hungarian,2
rampant,2
lookalike,1
coinrail,2
reopen,5
recover,4
forward,6
mosque,1
collect,2
agency,18
individual,5
declare,15
criminal,4
purple,1
cobinhood,4
registry,1
whitelist,1
governance,6
problem,9
solve,2
steady,3
uptrend,3
nobody,1
else,2
either,2
diploma,4
bancor,1
breach,2
chile,5
appeal,7
guy,4
hodler,3
pray,1
prospective,1
justifie,1
outline,4
area,4
serve,4
rebalance,1
portfolio,5
outperform,1
mortgage,4
speculation,1
augur,1
appointment,1
compliance,5
officer,3
cover,2
parking,2
inheritance,1
eliminate,2
shuffle,4
mixer,3
ireland,4
await,2
inspector,1
shopper,1
crowdsale,4
thursday,12
tokenpay,1
tokeda,1
color,3
euro,6
stiglitz,1
oblivion,1
elon,3
impressed,2
provisional,1
survive,6
akari,2
builder,2
crowdfund,4
criticize,4
leg,1
momentum,1
disruption,3
investigator,3
darwinian,1
selection,1
timeline,1
pose,4
barrier,2
cup,5
iota,8
tangle,2
nosedive,1
spammer,1
parasite,1
deny,11
past,9
pirate,5
bay,3
xmr,4
boost,6
output,1
graffiti,1
paint,1
forge,1
kumamoto,1
electric,3
corporation,5
southern,1
classification,3
ato,1
youtube,1
drag,1
below,6
explorer,4
cashpay,2
invade,2
dark,5
conspirator,1
handed,2
spain,2
hyperbitcoinization,2
per,1
annoying,1
bypass,10
cohort,1
sandbox,4
fallacy,1
would,4
pardon,1
snowden,5
obsession,1
main,4
dive,5
regulating,2
prepared,3
romania,2
permissive,2
advocated,1
xiaolai,1
recording,1
leak,6
speed,1
rebound,6
aud,2
rainfall,1
reportedly,4
quebec,8
sour,1
grape,1
raunchy,1
expensive,1
unspendable,2
exploit,3
secondary,1
zero,9
reputation,3
insider,6
misleading,3
whether,3
unaware,1
rbz,1
enact,2
bermuda,4
dotcom,3
los,5
youngest,1
florida,3
overhaul,3
decree,4
legalize,13
viber,2
communication,3
native,2
mustang,1
convince,1
complicated,1
purchasing,2
syscoin,1
disrupt,2
temporary,1
shutdown,2
rogue,2
wreak,1
havoc,1
advis,3
ignore,2
accidentally,1
nation,7
punish,2
transnational,1
crime,12
decentral,1
jaxx,1
liberty,6
upholds,2
effective,1
btcc,6
defeat,1
scanning,1
yakuza,2
remote,1
avoid,6
faketoshi,1
assess,1
messiah,1
shopping,3
fancy,1
discount,6
gaming,3
idling,1
preparation,1
phish,2
savage,1
allegation,3
ontarian,1
currently,3
precious,3
exist,4
ron,4
segregated,3
witness,4
ransomware,3
cyber,8
confirmation,2
lsd,1
red,3
flag,4
relationship,4
abu,2
dhabi,2
expedia,3
june,3
structure,2
warfare,2
england,8
male,2
influencer,3
centra,3
deem,3
reconsider,1
anonymous,15
crossroad,1
polish,3
protection,8
embargo,5
nba,2
economist,4
unlikely,1
severe,1
compensate,5
smash,2
trustless,6
betting,4
chainbet,3
twice,3
much,6
uphold,2
jnk,1
probably,5
pornhub,3
fcoin,1
tran,1
challenging,2
fueled,4
givecrypto,1
resident,4
unanimously,1
illicit,5
viral,1
tale,3
massive,4
unban,1
nigeria,3
way,33
naira,1
utilize,1
suggest,9
trick,3
artificially,1
compensation,1
happen,3
tuesday,14
gramatik,1
lay,1
correct,1
netflix,2
contemplate,4
scrap,1
progressive,1
character,1
experience,6
intel,3
complex,1
strategist,2
pairing,2
mnemonic,1
phrase,2
goodbye,3
dot,1
com,1
trace,1
silicon,2
diamond,3
triple,2
bottom,2
since,7
these,9
residency,1
trafalgar,1
studio,1
invasion,1
shirt,3
candle,2
mug,1
cell,3
enthusiasm,1
current,3
weak,3
hurt,2
fully,4
deficient,1
github,6
tumble,3
multiplayer,2
victory,2
enormous,2
conduct,6
limited,3
penaliz,1
involvement,1
plagiary,2
numerology,1
nano,4
streamline,1
cambodia,3
craig,4
wright,4
textbook,1
cryptosphere,1
shape,5
device,4
coolwallet,2
akon,1
akoin,1
mogul,2
formal,1
carolina,2
unauthorized,4
turf,1
leftover,1
schiphol,1
airport,3
wednesday,14
shilling,1
reckon,1
halt,10
bis,2
vanish,1
influential,1
ever,8
turcoin,1
hawaiian,1
filing,3
trademark,3
accus,4
centralization,5
censor,5
restart,1
controversy,5
virus,2
because,1
derek,1
magill,1
defamation,2
branch,2
prohibit,8
advertising,4
auction,8
dice,1
fsa,4
comedy,2
entertain,1
historic,1
istanbul,1
worsen,2
germany,5
inside,6
etoro,2
village,3
municipal,1
reasonable,1
bust,7
cyberpolice,2
cia,1
nsa,3
intensifie,4
assist,1
extradite,2
consume,3
power,18
beci,1
coinshare,2
dutch,8
afm,1
bitgrail,6
italian,4
fume,1
alchemy,1
age,2
violate,4
computer,7
perfect,3
saturday,10
driver,2
prisoner,1
reliability,1
f,1
attendees,1
net,1
savvy,1
bicycle,1
generate,3
represent,1
equihash,1
invaded,1
malicious,1
ibinex,1
supply,8
stream,2
irish,1
userbase,1
quadrupled,1
supervision,3
gamer,4
graphic,2
technically,1
difficult,3
william,1
shatner,1
quite,2
itbit,1
xlm,2
enhance,2
reduce,3
risk,15
kafkaesque,1
bahrain,3
ordering,1
level,7
blame,9
paxful,3
academic,3
scholarship,2
female,2
afghan,2
refugee,1
builtwithbitcoin,2
absurd,2
primary,3
zug,3
firework,1
id,1
israeli,13
buda,1
subject,3
sudden,1
cbdc,1
severely,2
consequence,1
fdic,2
suspicious,4
radio,3
broadcast,1
boston,1
tron,1
justin,1
sun,2
bittorrent,3
inc,1
battleground,1
supporter,4
keypair,1
nfc,2
underwhelm,1
pot,2
eur,1
lithuania,4
detailed,2
nato,1
exercise,1
transmission,2
spender,1
slowly,1
steadily,1
bic,1
camera,1
atomic,9
passenger,1
bus,1
ken,2
liu,2
fiction,1
toll,1
vip,1
just,12
useful,1
niche,1
naive,1
subpoena,5
parody,1
blogger,2
quick,4
manga,1
book,7
got,3
mechanism,1
org,1
entice,1
dazzle,1
explosion,3
spontaneous,1
sovereign,2
december,9
apartment,3
coastal,2
montenegro,1
friday,11
microsoft,4
sea,3
conclude,2
symmetrical,1
triangle,1
foia,1
modify,1
mike,2
hearn,2
resurrect,2
practice,3
coinmetro,1
conservative,1
forecast,1
obelisk,1
launchpad,1
fidelity,3
hint,2
spelling,1
confusion,3
биткоин,1
биткойн,1
біткоїн,1
биткојн,1
engage,1
parity,5
ngo,1
embark,1
upon,2
tour,2
choice,1
dust,1
occ,1
coder,1
reapply,1
coinmint,1
drown,1
overturn,3
regular,2
finally,2
basket,1
above,8
channel,3
twitch,1
streamer,1
spec,2
uganda,1
farming,1
wozniak,3
bootstrapping,1
imtoken,1
compendium,2
acquisition,5
tase,1
shell,1
ticketfly,1
hijack,3
ransom,1
slovenia,3
genuine,1
keyport,1
encrypt,2
messaging,1
raid,2
shot,2
railway,1
ticket,8
cargo,1
bestmixer,1
tumbler,2
outwit,1
chainalysis,3
chance,2
haven,3
eat,5
feed,3
sudan,1
boe,1
interim,1
relief,5
ongoing,1
halve,1
masternode,1
impossibility,1
knowledge,3
flippen,1
unique,3
stripe,2
music,7
adult,4
film,1
brenna,1
sex,3
recount,3
weird,2
interaction,1
cult,1
fare,1
cryptocribs,1
rental,1
decentralize,2
luster,1
resource,1
dedicated,2
brewing,2
withheld,2
horizon,1
private,11
sovereignty,1
devere,1
restrict,4
pavel,3
durov,2
brisbane,2
asus,1
motherboard,1
titanium,1
greater,2
learning,2
austrian,3
active,2
bitbay,2
impersonator,1
chilean,6
sexy,1
pasty,1
neckbeard,1
hello,3
vin,1
armani,1
faast,1
connect,1
cross,4
boat,1
slight,2
comeback,1
lifting,1
prognosis,1
sweep,2
alabama,1
false,2
addict,1
crave,1
excitement,1
escape,1
exahash,1
era,3
achievement,1
prague,1
subway,1
became,2
management,1
sygnia,1
complain,1
borrow,4
niall,1
ferguson,1
bog,1
wojak,1
meme,5
downturn,1
successfully,1
indefinitely,1
kickstarter,1
bitcon,1
statue,1
banality,1
evil,2
thank,3
paytomat,1
welfare,1
nickname,1
tank,2
confess,1
southeast,2
alert,3
spate,1
eight,3
jet,2
cheap,7
czech,2
utility,3
processor,2
bitek,1
colombian,1
convert,2
pesos,1
revers,1
justice,4
department,5
paradex,1
duma,2
reading,1
chairman,11
applaud,1
rapture,1
leery,1
coinbundle,1
retroactive,1
newbie,1
skill,1
plus,2
bonus,1
keepkey,4
stormy,1
weather,1
plague,2
korbit,2
rep,3
steem,1
verge,5
strike,4
pow,3
robert,1
examine,2
historical,2
context,1
contractor,1
clearance,1
risky,3
advisory,2
comprise,2
consumer,8
mission,2
mistake,5
johannesburg,1
harare,1
reshape,1
approving,1
investing,5
ryan,2
charles,2
comprehensive,1
spreadsheet,1
hebron,1
onchain,1
lmax,1
backpedal,1
irrational,2
backlash,1
marvel,1
simpson,1
fraction,3
armchair,1
detective,2
blockchair,1
encode,1
smooth,1
shrimp,1
frog,1
clog,1
dismal,1
float,1
closer,7
realization,1
expansion,5
warren,3
warn,3
billboard,1
tempt,2
bcash,1
competitive,2
campaign,3
mma,2
fighter,2
mei,2
yamaguchi,2
swinging,1
mitsubishi,1
shine,3
pile,3
exam,1
solar,5
moldova,2
transportation,1
formally,2
blockstack,2
unify,2
genesis,6
alec,1
baldwin,1
lambo,1
oecd,2
powerhouse,3
waif,1
volatile,2
nomura,1
komainu,1
anonymity,3
april,2
honest,1
accurate,1
mesh,1
milestone,5
warrant,2
eisman,1
fame,1
actually,4
relocation,1
successful,2
grade,4
suite,1
widen,1
click,2
spammy,1
plot,2
vinnik,3
greece,1
commence,2
pattern,1
degrade,1
pakistani,1
render,1
ineffective,2
siacoin,1
asics,1
grace,1
period,2
remember,1
ago,3
ghost,5
scare,3
jekyll,1
hyde,1
tos,1
situation,3
pave,3
civil,2
versus,6
vend,1
mileage,1
cautiously,1
sector,4
consortium,1
pineapple,3
final,1
hot,2
item,1
amazon,2
adena,1
friedman,1
activate,2
championship,3
sponsor,1
thirty,1
minute,1
trigger,3
migration,1
gala,1
xapo,1
housing,1
benchmark,1
attorney,5
general,4
insane,1
plutocratic,1
spree,3
history,4
legalization,7
instrument,2
youtuber,4
cbs,2
hob,1
podcast,7
sci,1
novel,1
tucker,1
stripper,2
san,1
francisco,1
role,4
raided,3
foxconn,1
manufacture,1
ultra,3
tel,2
aviv,2
yeewallet,1
airdrop,2
boss,5
wire,4
recognize,7
valuable,1
along,2
cblock,1
cite,2
hurdle,1
bash,2
buffett,2
vulnerability,2
comply,2
criterion,1
sole,1
closing,6
boutique,1
humble,1
pie,3
applie,3
dwarfed,1
bacon,1
truck,1
salute,1
azerbaijan,2
uncorrelated,1
movement,1
kentucky,2
derby,1
youth,3
encourage,2
everyone,5
domain,5
millionaire,3
flock,3
richard,1
branson,1
mutually,1
assure,1
destruction,1
underperforming,1
timeout,1
wheel,1
simulator,2
cio,1
belarusian,2
cfd,15
banknote,1
reinstate,1
ecosystem,5
temper,1
flare,2
milken,1
institute,2
zealand,5
spar,1
nothing,5
christopher,2
giancarlo,2
outdated,1
mandate,6
meager,1
meitu,1
express,2
frustration,1
btcxchange,1
within,5
blockpress,1
flight,2
rake,1
deceptive,2
organize,4
syndicate,2
brd,1
augustus,1
microsociety,1
fort,1
galt,1
anew,1
trolled,1
vertcoin,1
alibaba,2
powerless,1
forget,1
emojis,1
chat,4
fud,5
wiki,1
edit,1
vandalism,1
jump,11
stratosphere,1
taxi,2
rostov,1
advance,4
peruvian,1
vive,1
slash,2
republic,3
aggregator,1
pulse,1
outage,3
cafebar,1
vendor,2
conceal,2
carry,2
clothing,1
certifie,1
rife,1
anyone,2
care,2
croatia,2
alcohol,1
revert,1
description,1
ameritrade,4
plant,4
meetup,2
wildly,1
globe,2
rural,2
household,2
chasing,2
sided,1
uptick,1
invigorate,1
inflow,1
mania,6
fly,4
universal,1
erase,1
existence,1
summit,3
cancel,4
unfreeze,1
casper,1
slams,2
greedy,2
liberstad,1
overall,1
ninth,1
wikipedia,2
depict,1
louis,2
notion,1
dns,2
cabinet,1
wear,1
horn,1
claws,1
closet,1
eurasia,1
epicenter,2
discovery,1
sequoia,1
pleading,1
ignorance,1
notorious,3
bunny,1
ranch,1
brothel,1
error,2
negotiation,1
nexon,1
scammy,2
leaker,1
scientist,3
myth,1
widespread,1
wisconsin,1
contribution,2
infuse,2
microfinance,1
java,1
james,2
bond,4
villain,1
amsterdam,2
angellist,1
spring,2
mecca,1
myetherwallet,2
server,3
restore,3
wary,1
eager,1
dwarf,1
nakasendo,1
sdk,1
size,1
vinny,1
lingham,1
interview,7
extremism,1
pyramid,1
unaffected,2
spiked,2
contributor,1
divide,1
concerned,1
inadequate,1
finland,2
owe,3
snatch,1
airplane,1
pussy,1
xunlei,1
disguise,1
nominee,2
prank,3
clearly,1
superior,1
coindaddy,1
rhyme,1
checkout,1
visa,7
unionpay,1
impose,2
wikileak,3
shop,3
saxo,2
antpool,1
scarcity,1
revealer,1
visually,1
playlist,1
toughen,1
bounce,6
handle,2
tps,1
neither,1
pet,1
cop,2
antic,1
savedroid,1
karpele,5
cto,1
condemns,1
hostile,3
questionnaire,1
truth,1
training,2
bitbox,2
resurge,1
briton,1
due,13
optimism,6
sedition,1
peace,3
spyco,1
cambridge,1
analytica,1
yes,1
harsher,1
penalty,1
thwart,1
mayor,2
killer,1
envisage,1
spi,1
tanzanian,1
ground,1
withdraw,5
effect,3
dilemma,1
pretend,1
monex,3
revive,1
scripting,1
capability,1
harden,2
bitfarm,2
merger,1
hanoi,1
panther,1
ideological,1
principle,1
insufficient,2
defraud,1
coinsource,2
louisiana,2
prognosticator,1
draper,4
blind,3
denial,2
nowhere,1
dragonmint,3
obsolete,1
subsidiary,2
bison,1
importance,1
nydf,1
superintendent,1
shrug,1
plagiarism,1
strengthen,3
ncis,1
angeles,1
weave,1
script,2
latvia,2
beauty,2
clinic,1
fomonomic,1
conform,1
vice,1
versa,1
pen,2
fountain,1
doubt,1
ability,2
reliance,1
exclusively,2
corp,1
determination,1
hour,5
hydro,5
strategize,1
pakistan,3
urdubit,1
compliant,4
shariah,1
participant,2
exploded,1
snail,1
mail,1
extortion,3
digitalx,1
stole,3
master,2
programme,1
travel,4
overseas,6
compare,1
annnnnnd,1
blockbid,1
austrac,1
caper,1
kidnapping,1
unable,3
pole,1
unfair,2
automate,3
swamp,1
opt,2
breakout,1
fakeout,1
uncensorable,1
tokenization,2
split,3
remitano,1
stanford,2
wharton,2
georgetown,1
wield,1
banhammer,1
include,9
competitor,4
onus,1
taxpayer,3
dealing,1
circular,1
rectifying,1
topic,1
soros,3
rockefeller,1
fairlay,1
sizable,1
coindcx,1
sunday,2
perform,5
passively,1
nationalize,1
tease,2
encouraging,1
offence,1
george,2
pervade,1
inject,1
bit,3
jerry,1
chan,1
hyperblock,1
cryptoglobal,1
behemoth,1
shoppe,1
hampshire,1
turmoil,2
emin,1
gün,1
sirer,1
contradictory,1
statement,7
regard,7
karate,2
combat,3
league,2
arena,3
symbol,2
bangkok,1
difference,1
shishido,1
influx,2
auto,1
surprise,2
anything,1
amaury,4
séchet,4
painful,1
rollback,1
publicity,2
shuttering,1
skype,1
outsource,1
marketing,3
floyd,1
mayweather,1
cybercrime,1
sleuth,1
swag,1
instant,1
peaked,2
holiday,3
capitalization,3
hypertokenization,1
litigation,3
beer,1
murderous,1
confuse,1
convict,1
grey,1
esma,1
timeframe,1
intend,2
devastate,1
vow,1
bitkan,3
gazprombank,1
mailchimp,1
reel,2
barterdex,1
youbit,3
newegg,1
throw,4
towel,1
overload,1
susceptible,2
ford,1
inter,1
vehicle,1
imam,1
multinational,1
bmo,1
massachusetts,2
censure,1
input,2
anonymizer,1
mix,2
steven,2
seagal,2
chop,1
bitcoiin,1
apologiz,3
diligence,1
litepay,1
mandela,1
golden,1
sink,2
once,4
incredibly,1
personally,1
enthusiastic,1
tourism,1
huawei,1
scrutiny,5
lazy,1
voucher,2
passage,1
editorial,1
ridiculous,1
dawn,1
christmas,2
markedly,1
tennessee,2
notice,5
signal,8
unclear,1
remind,1
earning,1
slush,2
bitarg,1
throne,2
broad,1
segwit,11
heating,2
ugandan,1
kampala,1
safeword,1
backup,1
ruble,3
denominating,1
password,1
transparency,2
dong,1
bitasia,1
collectible,1
worthless,1
ice,3
payza,2
blast,2
crown,1
gatekeeper,1
gang,3
glitch,2
balance,5
tarnish,1
sdn,1
nem,1
falsely,2
joystream,2
multisig,1
dorsey,1
batch,2
spite,1
death,4
child,2
document,5
tidal,1
population,2
encryption,2
disagreement,1
sierra,1
leone,1
adopter,3
roam,1
robomarket,1
moral,1
happy,2
resist,1
secretive,1
uproar,1
algorithm,3
exempt,2
pull,3
recruiting,1
rose,1
drummer,1
earth,3
spell,1
disaster,4
paypal,3
email,2
glassware,1
siberia,1
dedicate,1
whole,5
chapter,21
cable,1
cheddar,1
craze,3
adam,1
kokesh,1
slovenian,2
kakao,2
abroad,2
deeply,1
contrarian,1
refund,4
bgs,1
rid,1
mom,3
lyn,1
imagine,1
mikan,1
willing,1
divert,1
mini,2
citrus,1
dox,1
multi,8
sooner,1
sister,1
watch,3
lagarde,2
dubai,3
rage,1
chicago,4
calculator,1
hyper,1
sprint,2
cardano,1
counsel,1
factory,3
marathon,1
interested,2
john,4
oliver,1
tackle,1
tonight,1
marketpsych,1
skeptical,3
analytic,1
talk,11
largely,1
nonsense,1
cryptomatoe,1
excess,2
produce,3
swan,1
faked,1
speculative,1
vc,2
deeper,2
repair,1
goal,1
optimal,1
finnish,1
prasos,1
anecdotal,1
obstruct,1
dodge,1
extreme,3
egypt,4
covertly,1
misery,1
entry,1
sadness,1
ant,1
quietly,1
heater,1
prove,1
hassle,1
singlepoint,1
brush,1
row,1
wane,1
clock,1
plattsburgh,1
vacate,1
romanian,1
loophole,3
kiosk,1
restaurant,1
bannon,1
redundant,1
asrock,1
vantage,1
conglomerate,2
unlawful,1
bread,4
optimization,1
compatibility,1
dictionary,1
wealthy,4
understand,3
pick,4
bitira,1
persist,2
came,2
curious,2
peculiar,1
anon,1
airline,3
criminalize,2
vanitygen,1
frequency,3
virtu,1
virtcoin,1
miroskii,1
phoney,1
idex,1
etherdelta,2
falter,1
facto,1
mandatory,2
neglect,1
conversion,1
plunge,1
expedite,2
kaliningrad,1
courtroom,1
mistakenly,1
malaysian,2
pawnshop,1
crimea,3
syria,2
cuba,1
jameson,1
lopp,2
casa,1
burglary,1
jumped,2
belgian,1
rebel,1
ecuador,1
silence,1
soul,1
evolution,2
mexican,2
achieve,1
neo,4
raging,1
body,4
obtain,2
patience,1
tread,1
lightly,2
ups,5
wipe,2
waltonchain,1
disruptive,1
competition,1
shepherd,1
recession,1
presage,1
goldmoney,1
bankrupt,1
divorce,4
dcg,1
gate,1
fairly,1
zclassic,2
bagholder,1
ruin,2
thriving,2
michigan,2
populous,1
europol,2
hardcore,1
las,2
vegas,2
tattoo,1
dept,1
bitwala,1
fledge,1
entrepreneur,8
forbid,3
regain,4
boom,5
sixth,1
grader,1
weaker,1
chic,2
periodic,1
table,1
fibonacci,1
sequence,1
fashion,2
dress,1
navy,1
ring,2
naval,1
explicit,1
content,2
writing,7
amelie,1
arra,2
amendment,2
coindash,1
compel,1
assemble,1
embassy,3
acknowledge,1
god,2
virtue,1
person,2
vladivostok,1
archos,1
austria,1
score,2
sneak,1
peek,1
oregon,1
hydropower,2
swarm,1
outraged,1
classic,3
backlog,1
cryptoruble,6
robbery,1
tame,3
spokesperson,1
lie,2
undergo,1
evaluation,1
conviction,1
apocalypse,1
donor,1
dennis,1
gartman,1
dubious,1
tokenize,1
bafin,1
nanny,1
zuck,1
tesla,1
smartbtc,1
python,2
italy,1
consultation,1
mostly,2
tim,3
normal,1
bangladesh,1
broadband,1
zen,1
replacement,1
deliver,2
tap,4
arm,3
pewdiepie,1
poke,1
fun,2
shill,1
scammed,1
fault,1
counterparty,2
colonialism,1
puerto,1
rico,1
train,1
arrif,3
sweden,7
starflow,1
edge,2
kathleen,1
breitman,1
hip,1
hop,2
tighten,1
rabbinical,1
athena,1
smear,1
overtokenization,1
salon,1
visitor,1
diminish,1
eosfinex,1
violence,1
globally,1
ellen,1
degenere,1
spearhead,2
atari,1
revitalize,2
stockpile,1
waste,2
hinder,3
scientific,1
berkshire,1
hathaway,1
disgusting,1
detestable,1
noxious,1
poison,1
siberian,2
surplus,2
bulgaria,2
favorite,2
tsx,2
couple,2
maintain,1
gateway,2
damn,1
citibank,1
permit,2
malaysia,6
medvedev,1
independent,1
danger,1
criticism,2
bully,1
detractor,1
accredit,1
comment,1
style,2
consumption,1
safer,1
kadyrov,1
believe,2
expectation,2
showroom,1
lack,4
perry,1
barlow,1
assange,2
dan,1
morehead,1
ethic,3
disclosure,2
berkeley,1
nuclear,2
supercomputer,1
disappear,2
premium,3
peril,1
menace,1
expression,1
spirit,3
armenia,1
spotlight,1
salty,1
buttcoiner,1
bottle,1
champagne,1
marshal,3
jpy,2
arizona,1
clueless,1
couture,1
vigilance,1
besides,1
joke,1
lamborghinis,1
bitmart,1
consideration,1
delhi,1
night,3
seele,1
response,1
unconstitutional,1
forbe,2
inaugural,1
crass,1
compelling,1
previously,1
phony,1
bubble,5
dignitary,1
pundit,1
bigwig,1
rest,1
except,1
invite,3
opec,1
debtor,1
dangerous,2
pyongyang,2
pyeongchang,2
olympic,2
tough,1
clever,1
piece,1
semiconductor,1
roboforex,2
liquidate,1
obsess,1
maintains,1
separate,1
cashaddr,1
format,3
syrian,1
kyrgyzstan,1
radar,1
imminent,1
crowdfire,1
listen,1
middle,2
tender,4
pseudonymity,1
inspect,2
february,2
soviet,1
acre,1
worry,1
harder,1
infiltrate,1
unfazed,1
recent,2
realize,1
print,2
bee,1
stung,2
hawaii,1
transmitter,1
sberbank,2
bungle,1
thief,1
foiled,1
witt,1
nassim,1
nichola,1
taleb,1
david,3
birch,1
xem,1
cent,2
each,1
shaky,1
sever,1
auditor,1
shroud,1
vegetable,1
exit,1
charitystar,1
aier,1
original,1
longest,3
participate,1
goxxed,1
refinery,1
imperatum,1
dynamic,1
mode,1
difficulty,7
kiss,1
prop,1
dictator,1
termination,1
wake,4
mogo,1
columbia,1
indirectly,1
snap,1
arsenal,1
scope,1
withdrawn,3
finaliz,1
nouriel,1
projection,1
monte,1
carlo,1
walk,2
integral,1
dozen,1
true,2
scamm,2
versabank,1
faster,1
vouch,1
decipher,1
instruction,1
sample,1
casino,1
metric,2
ton,1
wheat,1
recently,1
hycm,1
rather,1
ploy,1
clone,2
celebrity,4
sharply,1
overvalue,1
flaw,1
bullion,1
benebit,1
runner,1
storm,2
church,1
zürich,1
stellar,3
strength,1
hardly,1
continent,1
inflexible,1
stupid,3
count,1
subpar,1
deputy,1
text,1
sideway,2
gdax,5
unreported,1
hysteria,1
notary,1
onecoin,3
linger,1
bruce,1
miami,3
migrant,1
gear,1
letter,1
beginner,3
worried,2
overwhelmed,1
autopsy,1
implosion,1
sheriff,1
windfall,1
bright,1
impossible,1
tsmc,2
january,5
expire,1
cuban,1
maverick,1
season,4
congestion,3
bali,1
bloodbath,1
swimming,1
classify,1
string,1
excuse,1
businessman,1
outright,1
station,1
luman,1
metropolitan,2
cornell,1
assume,1
slump,1
coordinate,1
proliferate,2
refuse,3
futility,1
keyword,1
terabyte,1
lunch,1
paradise,2
luno,1
downtime,1
follower,1
reverse,2
lotta,1
crazy,2
ptsd,1
psychedelic,2
stagnant,1
reap,1
natsbank,1
paradigm,1
girl,2
idol,1
educational,1
concert,1
recycle,1
praxis,1
visual,1
fry,1
chicken,1
bucket,1
undiscovered,1
cave,1
mixed,2
beijing,2
mount,4
belfric,2
excited,1
hive,1
bulgarian,4
koinex,1
found,1
father,2
potential,3
preference,1
calvin,5
ayre,5
trendy,2
copycash,1
fisco,1
michael,2
sung,1
spare,1
regret,1
fantasy,2
fold,1
collaborate,1
curb,1
aerospace,1
seattle,1
equivalence,1
vermont,1
chest,1
larimer,1
stick,1
enjoy,1
border,3
cooperate,1
bullying,1
surround,4
immediate,2
intervention,1
definition,1
vaporware,1
electrum,1
patch,2
eurt,1
verified,1
frustrated,1
cry,2
foul,2
booming,3
worldwide,3
reseller,1
guru,1
altucher,1
iced,2
tea,2
illinois,1
dogecoin,1
lament,1
capture,4
territory,1
relation,3
mysterious,1
veto,1
vacuum,1
woe,1
rocket,4
disable,2
slap,3
harness,1
fanduel,1
bowl,1
zuckerberg,1
resolution,1
offline,4
scramble,1
entertainment,3
specialty,1
flat,2
merrill,1
lynch,1
guild,1
statistical,1
bind,1
hooter,1
burger,2
giga,1
watt,1
ecb,3
director,3
renren,1
usurp,1
usher,1
rippening,1
gavin,2
andresen,2
proprietary,1
prosper,1
corner,1
astronaut,1
eac,1
forthcoming,1
plastic,1
surgery,1
koreans,1
pawn,1
gdp,1
donate,3
digit,1
vocal,1
tightrope,1
tsunami,1
bitrefill,1
throughout,2
cryptocoinopoly,1
avert,1
kidnap,4
verify,1
snoop,1
peak,4
deadly,1
rookie,1
dancing,1
devil,1
dampen,1
rmb,1
wax,1
alaskan,1
schoolgirl,1
lerner,1
invoice,2
decrease,1
rush,5
sheila,1
bair,1
beholder,1
react,1
twenty,1
prey,1
deflate,1
charitable,1
clickbait,1
resurface,1
programmer,1
prosecutor,3
lull,1
infesting,1
messenger,2
tout,1
weaponize,1
garbageman,1
bundesbank,1
wobble,1
barry,1
silbert,1
irritating,1
bruno,1
east,1
edward,1
room,1
unusual,1
feast,1
paranoid,2
column,6
streeting,1
quadruple,1
tequila,1
anarchapulco,1
toy,1
hiatus,1
technical,3
incompetence,1
hoard,1
utxo,2
gifted,1
wedding,1
etrade,1
unison,1
spot,2
mod,2
veltyco,1
redeem,1
actor,1
feel,1
championing,1
cheated,1
euphoria,1
limassol,1
feasible,1
parry,1
affording,1
purpose,2
charlie,1
legalisation,1
ivy,2
glossary,1
cryptophasia,1
luge,1
fever,3
dorian,2
legendary,1
miller,2
wannacry,1
zerolink,2
coinjoin,1
fifteen,1
outlet,2
shake,2
shield,1
anymore,1
variety,2
infeasible,1
messy,2
especially,1
pointless,1
invent,1
yang,1
haipo,1
kik,1
dial,1
switching,1
traditional,3
diversify,1
terror,1
austin,2
petersen,1
scrappy,1
touching,1
corruption,1
yield,1
ifinex,1
load,1
nguyen,1
komodo,1
demonstrate,2
danish,2
rename,1
rungsted,1
rink,1
isis,1
tension,2
aide,1
shorter,1
jeff,4
garzik,2
netanyahu,1
destine,1
eclipse,1
coy,1
assistant,1
gunpoint,1
alexander,2
starbuck,1
laptop,1
bandwagon,1
condition,1
uspto,1
fleet,1
intense,1
fluctuation,1
perpetrator,1
field,1
skyrocket,5
stanley,1
passive,1
ramp,2
howard,1
stern,1
changetip,1
apmex,1
britain,2
gchq,1
closely,1
gbtc,2
nurse,1
meltdown,1
contributed,1
register,3
ludicrous,2
opendime,1
coinkite,1
coldcard,1
cypherpunk,1
leo,1
messi,1
interoperability,1
lifeline,1
craigslist,1
forgot,1
hypnotist,1
dramatic,2
plea,1
hitman,1
possess,2
retrace,1
unite,1
adequate,1
pester,1
subscriber,1
unconfirmed,1
obvious,1
crossing,1
shower,1
explainer,1
dwelling,1
anxiety,1
shareholder,1
surf,1
animal,1
capable,1
astonishing,1
relentless,1
stuff,1
anonymously,1
grandma,1
android,2
iphone,1
aero,1
route,2
xmas,1
safety,1
stupidity,1
responsibility,1
coinloan,1
ally,1
nemesis,1
squabble,1
theatrical,1
assemblyman,1
sidechain,1
rival,3
congested,1
counter,2
kenyan,2
felony,1
robber,1
columnist,1
destabiliz,1
undermine,2
fad,1
bang,2
word,1
atlanta,1
unbanked,1
prophet,1
vanguard,1
posting,1
linkedin,1
upwork,1
those,3
jon,1
matoni,1
seriously,1
kayamori,1
iceberg,1
up,2
indonesian,2
achievable,1
wife,1
religious,1
appropriate,1
believer,1
nyu,1
undergraduate,1
schizophrenia,1
safeguard,1
enterprise,2
underage,1
idr,1
anarcho,1
capitalist,2
luminary,1
weigh,3
dpos,1
roadmap,3
cyberspace,1
parabolic,1
voice,2
prim,1
mugabe,1
calculate,1
hurry,2
command,3
ghana,1
algeria,1
fudd,1
ndic,1
clip,1
radical,1
amir,3
taaki,3
vtb,1
emirate,1
shade,1
icy,1
inclusive,1
windows,1
touch,3
catalonia,1
referendum,1
billdesk,1
coingather,1
grassroot,1
intensively,1
prospect,1
laissez,1
faire,1
dislikes,1
masterpayment,1
certificate,1
museum,2
funden,1
devasini,1
potter,1
scoop,1
neighborhood,1
pepe,1
ponder,2
tobam,1
silent,1
shock,1
premine,1
endowment,1
saft,1
stash,1
nerdy,1
geeky,1
suddenly,1
confido,1
stuck,1
apply,2
cryptography,1
bulletproof,1
inexpensive,1
evangelist,1
troy,1
malavika,1
nair,1
pac,1
century,1
arcade,1
sound,1
alarm,1
clashic,1
archive,2
mimblewimble,1
testnet,4
note,3
custodianship,1
implore,1
gupta,1
circumvent,2
gui,1
thirst,1
television,2
greenlit,1
sony,1
dbs,1
gledhill,1
ifo,1
obstacle,1
unstoppable,1
garner,1
confidential,1
sig,1
nuked,1
daniel,2
krawisz,2
invisible,1
don,1
quixote,1
tom,1
bombadil,1
drw,2
destabilize,1
opposite,1
direction,1
interval,1
daa,1
indicate,1
alan,1
greenspan,1
singaporean,1
steer,1
herald,1
demise,1
tiny,1
rough,1
quantum,3
physics,1
astrology,1
western,1
lesson,1
bloated,1
rick,1
falkvinge,1
humor,1
profundity,1
definitely,1
confidant,1
loyalty,1
eying,1
suit,1
anarchist,4
statistic,1
secretary,1
carefully,1
gigablock,3
label,1
resilient,1
cancellation,1
alive,1
contrary,1
libel,1
applicant,1
laughable,1
curtain,1
enhancement,1
suppress,1
bitspark,2
snub,1
artificial,1
zyskind,1
abundant,1
renewable,2
screech,1
efficient,1
nepal,2
fickle,1
yale,1
haas,1
bjork,1
album,1
scamcoin,1
uruguay,2
buterin,1
tapscott,1
cibc,1
describe,1
cautionary,1
earlier,1
cast,1
contribute,1
evaluate,1
organiser,1
surprised,1
replay,4
bobby,1
swaziland,1
endorsement,1
bitwage,1
payroll,1
additional,1
path,1
draw,1
pend,1
enroll,1
joel,1
osteen,1
endorse,1
pastor,1
adjustment,2
choose,1
powell,1
brilliant,1
employment,1
transmit,2
lebanon,1
objective,1
airbitz,1
alone,1
both,1
prof,1
juliette,1
interior,1
palm,1
beach,1
kansas,1
governmental,1
sail,1
uncharted,1
vodka,1
greet,1
accumulate,1
cryex,1
perspective,1
bidorbuy,1
sixfold,1
finalize,1
mature,1
prep,2
gatecoin,1
splitting,2
tycoon,1
fortress,1
solitude,1
malleability,1
reform,1
mit,1
religion,1
complication,1
slat,1
yunbi,1
algorithmic,1
quantconnect,1
respondent,1
civilization,1
oppression,1
microchip,1
moscowcoin,1
yall,1
monetization,1
bidding,1
sexual,1
predator,1
defunct,1
mintpal,1
session,1
tidy,1
coinmall,1
ebay,1
arrangement,1
treat,1
slotland,1
specific,1
moniker,1
rollercoaster,1
outspoken,1
fluster,1
erik,1
finman,1
boxing,1
bernanke,1
eventually,1
krw,1
domestic,1
pivot,1
walkthrough,1
signaling,1
boyish,1
julian,1
solely,1
trek,1
pnc,1
keen,1
ideology,1
spv,1
louder,1
colleague,1
zenapay,1
instantly,1
discourage,1
tickmill,1
javascript,1
via,2
unprepared,1
toss,1
foremost,1
hotbed,1
panama,2
strip,1
morningstar,1
unnecessary,1
minimalist,1
completely,1
endure,1
instantaneous,1
specify,1
searchlight,1
vanuatu,1
citizenship,1
tanzania,1
ascent,1
kingpin,1
beard,1
mustache,1
streaming,1
royalty,1
goldandblack,1
worthy,1
amf,1
prepaid,1
outlaw,1
automatically,1
fsc,1
oppos,2
etx,1
deploy,1
denounce,1
upper,1
vocational,1
lucerne,1
tuition,1
welto,1
restraint,1
liable,1
instruct,1
clearinghouse,1
tolerance,1
jonald,1
fyookball,1
mask,1
merged,1
blankfein,1
flirt,1
supplier,1
tidebit,1
capitalize,1
stockbroker,1
avanza,1
annually,1
airswap,1
farewell,1
handgun,1
homeless,1
outreach,1
literacy,1
backing,1
transnistria,1
wise,1
dismis,1
endors,1
friendliest,1
holy,1
grail,1
cayman,1
promotional,1
forgoe,1
midst,2
macau,1
breadwallet,3
aesthetic,1
claimant,1
outcome,1
sunex,1
nexus,1
glimpse,1
visualization,1
dispens,1
implication,1
profitable,1
introduction,2
blog,2
complementary,1
compassionate,2
evolve,1
outside,1
copay,1
summon,1
king,1
opportunity,1
loaded,1
fifty,1
carrefour,1
abuse,1
bitso,1
earthquake,1
pandora,1
leningrad,1
jeweler,1
samer,1
halimeh,1
njalla,1
aliant,1
neighbor,1
estonian,1
madness,1
supermarket,1
ambitious,1
journalism,1
nebraska,1
securebtc,1
quickly,1
wex,1
brew,1
licensure,1
jason,1
vandal,1
rap,1
hurricane,2
lauded,1
revere,1
deadcoin,1
deceased,1
xero,1
veem,1
chiasso,1
municipality,1
wolf,1
bauhaus,1
entity,1
subsidize,1
underway,1
isle,1
chainside,1
btcpy,1
functionality,2
liability,1
jemma,1
premature,1
stargroup,1
shakedown,1
coinplug,1
conflicting,1
bitcache,2
detect,1
delete,1
bitcore,1
implementation,1
martini,1
computing,1
harassment,1
qualified,1
cryptobuyer,1
rica,1
hegemony,1
recruit,1
glance,1
midea,1
appliance,1
analyze,1
toggle,1
mgt,1
robust,1
misappropriate,1
activation,1
deux,1
buyer,1
beware,1
definitive,1
exposé,1
californian,1
connection,1
surbtc,1
analyz,1
speeding,1
grapple,1
solid,1
profitability,1
unprecedented,1
sack,1
inverse,1
protonmail,1
satellite,1
haircut,1
breeze,1
tumblebit,1
thrif,1
gigawatt,1
legality,1
cannabusiness,1
zap,1
corb,1
lund,1
hbo,1
spoiler,1
galore,1
seizure,1
maps,1
mdma,1
medicine,1
envoy,1
positively,1
affect,1
bte,1
supremacy,1
piracy,1
various,1
balanced,1
breakdown,1
episode,1
berwick,1
docu,1
pipeline,1
orbit,1
takedown,1
marui,1
coinsilium,1
satoshipay,1
blue,1
